<?xml version="1.0" encoding="UTF-8" standalone="no"?>
<feature id="org.smartbuilding.ac_controller" label="org.smartbuilding.ac_controller.feature" provider-name="%providerName" version="1.0.0.SNAPSHOT">
  <description>WSO2 is an open source application development software company focused on providing service-oriented
        architecture solutions for professional developers.</description>
  <copyright>%copyright</copyright>
  <license url="%licenseURL">%license</license>
  <plugin id="org.smartbuilding.ac_controller.plugin" unpack="false" version="1.0.0.SNAPSHOT"/>
  <require>
    <import feature="org.wso2.carbon.device.mgt.server" match="equivalent" version="2.0.7"/>
    <import feature="org.wso2.carbon.core.server" match="equivalent" version="4.4.11"/>
  </require>
</feature>
